sample;replic;value;variable
C_0h;1;1.851259177;chla
C_0h;2;0.933079697;chla
C_0h;3;2.056821017;chla
R_0h;1;1.269404697;chla
R_0h;2;1.539785537;chla
R_0h;3;1.464399817;chla
RP_0h;1;0.819291777;chla
RP_0h;2;1.051808537;chla
RP_0h;3;0.767485497;chla
C_24h;1;1.019081057;chla
C_24h;2;1.105033497;chla
C_24h;3;0.896389697;chla
R_24h;1;2.349851817;chla
R_24h;2;2.387960497;chla
R_24h;3;2.319717097;chla
RP_24h;1;2.496269377;chla
RP_24h;2;1.949050257;chla
RP_24h;3;2.397304217;chla
C_48h;1;0.772622097;chla
C_48h;2;1.122693617;chla
C_48h;3;0.917914497;chla
R_48h;1;1.677006137;chla
R_48h;2;1.238731857;chla
R_48h;3;1.183941457;chla
RP_48h;1;1.423502697;chla
RP_48h;2;1.009981937;chla
RP_48h;3;0.906858577;chla
C_72h;1;0.720424457;chla
C_72h;2;0.528315617;chla
C_72h;3;0.807844497;chla
R_72h;1;0.858868057;chla
R_72h;2;0.887730857;chla
R_72h;3;0.873886497;chla
RP_72h;1;0.956218857;chla
RP_72h;2;0.965611497;chla
RP_72h;3;1.076464217;chla
C_96h;1;0.529000497;chla
C_96h;2;0.672874217;chla
C_96h;3;0.679820857;chla
R_96h;1;0.689653777;chla
R_96h;2;0.803197097;chla
R_96h;3;0.663383737;chla
RP_96h;1;0.697334217;chla
RP_96h;2;0.621459297;chla
RP_96h;3;0.790037617;chla
C_120h;1;0.562804217;chla
C_120h;2;0.678108657;chla
C_120h;3;0.668373577;chla
R_120h;1;0.541328337;chla
R_120h;2;0.440357457;chla
R_120h;3;0.460757097;chla
RP_120h;1;0.509236817;chla
RP_120h;2;0.423333297;chla
RP_120h;3;0.632613057;chla
C_0h;1;3278265.1;ab
C_0h;2;3334893.1;ab
C_0h;3;3448016;ab
R_0h;1;2967585.5;ab
R_0h;2;2948116.6;ab
R_0h;3;2892142;ab
RP_0h;1;2988034.5;ab
RP_0h;2;2870483;ab
RP_0h;3;2911405.2;ab
C_24h;1;2354478.5;ab
C_24h;2;2477704.9;ab
C_24h;3;2328294.1;ab
R_24h;1;1695827.1;ab
R_24h;2;1668106;ab
R_24h;3;1637009;ab
RP_24h;1;1851723.5;ab
RP_24h;2;1744590.1;ab
RP_24h;3;1828733.5;ab
C_48h;1;1242125.5;ab
C_48h;2;1122819.5;ab
C_48h;3;1130938.6;ab
R_48h;1;481519.5;ab
R_48h;2;456472.5;ab
R_48h;3;451935;ab
RP_48h;1;748687.5;ab
RP_48h;2;851235;ab
RP_48h;3;749897.5;ab
C_72h;1;582070.5;ab
C_72h;2;595259.5;ab
C_72h;3;563073.5;ab
R_72h;1;442436.5;ab
R_72h;2;425859.5;ab
R_72h;3;452842.5;ab
RP_72h;1;698908.1;ab
RP_72h;2;711661.5;ab
RP_72h;3;706361.7;ab
C_96h;1;363847;ab
C_96h;2;602761.5;ab
C_96h;3;612744;ab
R_96h;1;622666;ab
R_96h;2;622242.5;ab
R_96h;3;641784;ab
RP_96h;1;586196.6;ab
RP_96h;2;536030;ab
RP_96h;3;591774.7;ab
C_120h;1;495374;ab
C_120h;2;496523.5;ab
C_120h;3;510257;ab
R_120h;1;563678.5;ab
R_120h;2;576202;ab
R_120h;3;809732;ab
RP_120h;1;614498.5;ab
RP_120h;2;631438.5;ab
RP_120h;3;622666;ab
C_0h;1;0.0485805;NO3
C_0h;2;0.045133047;NO3
R_0h;1;2.472249563;NO3
R_0h;2;2.452943625;NO3
RP_0h;1;2.568422502;NO3
RP_0h;2;2.572191656;NO3
C_24h;1;0.067897851;NO3
C_24h;2;0.063720929;NO3
R_24h;1;0.222165621;NO3
R_24h;2;0.197975297;NO3
RP_24h;1;0.243088109;NO3
RP_24h;2;0.335186646;NO3
C_48h;1;0.111562975;NO3
C_48h;2;0.114989176;NO3
R_48h;1;0.108457525;NO3
R_48h;2;0.127076586;NO3
RP_48h;1;0.098954174;NO3
RP_48h;2;0.066743605;NO3
C_72h;1;0.029433812;NO3
C_72h;2;0.02465843;NO3
R_72h;1;0.05053178;NO3
R_72h;2;0.004246347;NO3
RP_72h;1;0.068745901;NO3
RP_72h;2;0.038056196;NO3
C_96h;1;0.333043264;NO3
C_96h;2;0.256443999;NO3
R_96h;1;0.115682878;NO3
R_96h;2;0.094596752;NO3
RP_96h;1;0.087355127;NO3
RP_96h;2;0.134695346;NO3
C_120h;1;0.637410934;NO3
C_120h;2;0.710557837;NO3
R_120h;1;0.25516142;NO3
R_120h;2;0.19999874;NO3
RP_120h;1;0.499858887;NO3
RP_120h;2;0.363778633;NO3
C_0h;1;0.027806056;NO2
C_0h;2;0.027705048;NO2
R_0h;1;0.031656873;NO2
R_0h;2;0.018686394;NO2
RP_0h;1;0.030975971;NO2
RP_0h;2;0.009238679;NO2
C_24h;1;0.006128775;NO2
C_24h;2;0;NO2
R_24h;1;0.011108871;NO2
R_24h;2;0.025823147;NO2
RP_24h;1;0.009525874;NO2
RP_24h;2;0.032480438;NO2
C_48h;1;0;NO2
C_48h;2;0.003659796;NO2
R_48h;1;0.012666018;NO2
R_48h;2;0.018114497;NO2
RP_48h;1;0.019041799;NO2
RP_48h;2;0.032177287;NO2
C_72h;1;0.044498415;NO2
C_72h;2;0.045572856;NO2
R_72h;1;0.062575182;NO2
R_72h;2;0.052805862;NO2
RP_72h;1;0.053746819;NO2
RP_72h;2;0.040531801;NO2
C_96h;1;0.037277265;NO2
C_96h;2;0.034757705;NO2
R_96h;1;0.041082056;NO2
R_96h;2;0.038006639;NO2
RP_96h;1;0.056561273;NO2
RP_96h;2;0.034328941;NO2
C_120h;1;0.035681768;NO2
C_120h;2;0.038292615;NO2
R_120h;1;0.04607424;NO2
R_120h;2;0.077496636;NO2
RP_120h;1;0.048971184;NO2
RP_120h;2;0.076707557;NO2
C_0h;1;0.422289077;NH4
C_0h;2;0.101122299;NH4
R_0h;1;0.296484052;NH4
R_0h;2;0.881774375;NH4
RP_0h;1;0.577062505;NH4
RP_0h;2;0.174375287;NH4
C_24h;1;0.485741497;NH4
C_24h;2;0.023642554;NH4
R_24h;1;0.012978175;NH4
R_24h;2;0.030006384;NH4
RP_24h;1;0.773791;NH4
RP_24h;2;0.773790721;NH4
C_48h;1;0.692757082;NH4
C_48h;2;0.57880555;NH4
R_48h;1;0.309582334;NH4
R_48h;2;0.153362493;NH4
RP_48h;1;0.470968656;NH4
RP_48h;2;0.103671553;NH4
C_72h;1;0.219181721;NH4
C_72h;2;1.975110047;NH4
R_72h;1;1.515256022;NH4
R_72h;2;0.656702184;NH4
RP_72h;1;1.82736393;NH4
RP_72h;2;0.766752765;NH4
C_96h;1;0.616877755;NH4
C_96h;2;0.637989791;NH4
R_96h;1;1.052585615;NH4
R_96h;2;1.067747568;NH4
RP_96h;1;1.551670796;NH4
RP_96h;2;0.337265127;NH4
C_120h;1;1.4294519;NH4
C_120h;2;2.150788348;NH4
R_120h;1;1.401488138;NH4
R_120h;2;1.656389405;NH4
RP_120h;1;1.051716003;NH4
RP_120h;2;1.444970295;NH4
C_0h;1;0.062859995;PO4
C_0h;2;0.075385935;PO4
R_0h;1;0.072545543;PO4
R_0h;2;0.067827743;PO4
RP_0h;1;1.553349783;PO4
RP_0h;2;1.56128671;PO4
C_24h;1;0.084930669;PO4
C_24h;2;0.07106691;PO4
R_24h;1;0.071368602;PO4
R_24h;2;0.06472257;PO4
RP_24h;1;0.998260449;PO4
RP_24h;2;0.920490488;PO4
C_48h;1;0.052561452;PO4
C_48h;2;0.025597536;PO4
R_48h;1;0.050314638;PO4
R_48h;2;0.0531298;PO4
RP_48h;1;0.534996174;PO4
RP_48h;2;0.59245443;PO4
C_72h;1;0.070171475;PO4
C_72h;2;0.045466073;PO4
R_72h;1;0.068376062;PO4
R_72h;2;0.073697342;PO4
RP_72h;1;0.267786453;PO4
RP_72h;2;0.217998215;PO4
C_96h;1;0.056473959;PO4
C_96h;2;0.0558784;PO4
R_96h;1;0.04910619;PO4
R_96h;2;0.065137148;PO4
RP_96h;1;0.089533604;PO4
RP_96h;2;0.09097501;PO4
C_120h;1;0.12670359;PO4
C_120h;2;0.143912796;PO4
R_120h;1;0.081084714;PO4
R_120h;2;0.078426774;PO4
RP_120h;1;0.130786474;PO4
RP_120h;2;0.115971357;PO4
C_0h;1;1.140969295;SiO4H4
C_0h;2;1.111112111;SiO4H4
R_0h;1;13.84303506;SiO4H4
R_0h;2;13.27444644;SiO4H4
RP_0h;1;13.9223349;SiO4H4
RP_0h;2;14.01667862;SiO4H4
C_24h;1;1.039870443;SiO4H4
C_24h;2;0.923000589;SiO4H4
R_24h;1;7.694016331;SiO4H4
R_24h;2;7.666613787;SiO4H4
RP_24h;1;9.556487487;SiO4H4
RP_24h;2;7.965672714;SiO4H4
C_48h;1;0.452773119;SiO4H4
C_48h;2;0.695707952;SiO4H4
R_48h;1;1.24376745;SiO4H4
R_48h;2;1.004403488;SiO4H4
RP_48h;1;1.390445615;SiO4H4
RP_48h;2;1.852023455;SiO4H4
C_72h;1;0.953831534;SiO4H4
C_72h;2;1.123273176;SiO4H4
R_72h;1;0.686670514;SiO4H4
R_72h;2;0.76101369;SiO4H4
RP_72h;1;1.04458248;SiO4H4
RP_72h;2;0.642214926;SiO4H4
C_96h;1;0.856099196;SiO4H4
C_96h;2;0.730098771;SiO4H4
R_96h;1;0.873099267;SiO4H4
R_96h;2;0.659786261;SiO4H4
RP_96h;1;0.392837649;SiO4H4
RP_96h;2;0.752125334;SiO4H4
C_120h;1;1.159163441;SiO4H4
C_120h;2;1.25869353;SiO4H4
R_120h;1;1.045925768;SiO4H4
R_120h;2;0.916476208;SiO4H4
RP_120h;1;1.251668842;SiO4H4
RP_120h;2;0.923592229;SiO4H4
C_0h;1;0.498675633;DIN
C_0h;2;0.173960394;DIN
R_0h;1;2.800390488;DIN
R_0h;2;3.353404394;DIN
RP_0h;1;3.176460979;DIN
RP_0h;2;2.755805622;DIN
C_24h;1;0.559768123;DIN
C_24h;2;0.087363484;DIN
R_24h;1;0.246252668;DIN
R_24h;2;0.253804827;DIN
RP_24h;1;1.026404705;DIN
RP_24h;2;3.826553273;DIN
C_48h;1;0.804320057;DIN
C_48h;2;0.697454522;DIN
R_48h;1;0.430705878;DIN
R_48h;2;0.298553576;DIN
RP_48h;1;0.588964629;DIN
RP_48h;2;0.202592445;DIN
C_72h;1;0.293113948;DIN
C_72h;2;2.045341334;DIN
R_72h;1;1.628362984;DIN
R_72h;2;0.713754393;DIN
RP_72h;1;1.94985665;DIN
RP_72h;2;0.845340762;DIN
C_96h;1;0.987198283;DIN
C_96h;2;0.929191495;DIN
R_96h;1;1.209350549;DIN
R_96h;2;1.200350959;DIN
RP_96h;1;1.695587196;DIN
RP_96h;2;0.506289415;DIN
C_120h;1;2.102544601;DIN
C_120h;2;2.8996388;DIN
R_120h;1;1.702723798;DIN
R_120h;2;1.933884781;DIN
RP_120h;1;1.600546073;DIN
RP_120h;2;1.885456485;DIN
C_0h;1;90.0630396;DOC
C_0h;2;88.35670217;DOC
R_0h;1;91.40702385;DOC
R_0h;2;93.08899154;DOC
RP_0h;1;102.329486;DOC
RP_0h;2;95.01941322;DOC
C_24h;1;89.85961097;DOC
C_24h;2;84.54511956;DOC
R_24h;1;87.46512181;DOC
R_24h;2;80.80664614;DOC
RP_24h;1;119.2862012;DOC
RP_24h;2;90.44708554;DOC
C_48h;1;141.4340927;DOC
C_48h;2;107.7969472;DOC
R_48h;1;101.6640007;DOC
R_48h;2;96.40956678;DOC
RP_48h;1;94.19613764;DOC
RP_48h;2;117.3919931;DOC
C_72h;1;103.4200121;DOC
C_72h;2;112.0190445;DOC
R_72h;1;92.91114416;DOC
R_72h;2;85.22390637;DOC
RP_72h;1;90.91708973;DOC
RP_72h;2;84.35859773;DOC
C_96h;1;102.8478319;DOC
C_96h;2;86.03980683;DOC
R_96h;1;86.1074787;DOC
R_96h;2;86.94808325;DOC
RP_96h;1;80.18818308;DOC
RP_96h;2;85.34432844;DOC
C_120h;1;94.81601463;DOC
C_120h;2;99.00599414;DOC
R_120h;1;104.2265506;DOC
R_120h;2;108.352119;DOC
RP_120h;1;85.81150989;DOC
RP_120h;2;82.27216257;DOC
C_0h;1;7.114750851;TDN
C_0h;2;6.624145246;TDN
R_0h;1;9.505725993;TDN
R_0h;2;8.650559702;TDN
RP_0h;1;10.95039467;TDN
RP_0h;2;9.443673111;TDN
C_24h;1;6.463195581;TDN
C_24h;2;6.265402017;TDN
R_24h;1;5.949320144;TDN
R_24h;2;6.521370158;TDN
RP_24h;1;11.29628421;TDN
RP_24h;2;9.001662227;TDN
C_48h;1;8.666515826;TDN
C_48h;2;8.158655942;TDN
R_48h;1;7.38144527;TDN
R_48h;2;7.667244962;TDN
RP_48h;1;7.891361267;TDN
RP_48h;2;8.131926475;TDN
C_72h;1;7.741265026;TDN
C_72h;2;9.116804548;TDN
R_72h;1;6.711152469;TDN
R_72h;2;6.521990083;TDN
RP_72h;1;7.233405142;TDN
RP_72h;2;5.648764247;TDN
C_96h;1;8.485408522;TDN
C_96h;2;7.555528734;TDN
R_96h;1;7.712893006;TDN
R_96h;2;7.569834577;TDN
RP_96h;1;6.315007787;TDN
RP_96h;2;6.915853188;TDN
C_120h;1;11.99442741;TDN
C_120h;2;12.86299644;TDN
R_120h;1;13.32895818;TDN
R_120h;2;14.15869707;TDN
RP_120h;1;10.09583769;TDN
RP_120h;2;8.969763488;TDN
C_0h;1;6.616075217;DON
C_0h;2;6.450184851;DON
R_0h;1;6.705335506;DON
R_0h;2;5.297155307;DON
RP_0h;1;7.773933694;DON
RP_0h;2;6.687867489;DON
C_24h;1;5.903427457;DON
C_24h;2;6.178038533;DON
R_24h;1;5.703067477;DON
R_24h;2;6.267565331;DON
RP_24h;1;10.26987951;DON
RP_24h;2;5.175108953;DON
C_48h;1;7.862195769;DON
C_48h;2;7.46120142;DON
R_48h;1;6.950739393;DON
R_48h;2;7.368691386;DON
RP_48h;1;7.302396637;DON
RP_48h;2;7.929334029;DON
C_72h;1;7.448151078;DON
C_72h;2;7.071463214;DON
R_72h;1;5.082789484;DON
R_72h;2;5.80823569;DON
RP_72h;1;5.283548493;DON
RP_72h;2;4.803423485;DON
C_96h;1;7.498210239;DON
C_96h;2;6.62633724;DON
R_96h;1;6.503542457;DON
R_96h;2;6.369483618;DON
RP_96h;1;4.619420591;DON
RP_96h;2;6.409563773;DON
C_120h;1;9.891882811;DON
C_120h;2;9.963357644;DON
R_120h;1;11.62623439;DON
R_120h;2;12.22481229;DON
RP_120h;1;8.495291619;DON
RP_120h;2;7.084307003;DON
C_0h;1;7.933116014;NP
C_0h;2;2.307597485;NP
R_0h;1;38.60182683;NP
R_0h;2;49.4400115;NP
RP_0h;1;2.044910305;NP
RP_0h;2;1.765086197;NP
C_24h;1;6.590883241;NP
C_24h;2;1.229313094;NP
R_24h;1;3.450434226;NP
R_24h;2;3.921426915;NP
RP_24h;1;1.028193299;NP
RP_24h;2;4.157080735;NP
C_48h;1;15.30247028;NP
C_48h;2;27.24693978;NP
R_48h;1;8.560249942;NP
R_48h;2;5.619324296;NP
RP_48h;1;1.100876338;NP
RP_48h;2;0.341954477;NP
C_72h;1;4.177109687;NP
C_72h;2;44.98610058;NP
R_72h;1;23.81481086;NP
R_72h;2;9.684940781;NP
RP_72h;1;7.281386449;NP
RP_72h;2;3.877741669;NP
C_96h;1;17.48059285;NP
C_96h;2;16.62881355;NP
R_96h;1;24.62725267;NP
R_96h;2;18.4280552;NP
RP_96h;1;18.9379978;NP
RP_96h;2;5.565148209;NP
C_120h;1;16.59419912;NP
C_120h;2;20.1485822;NP
R_120h;1;20.99931928;NP
R_120h;2;24.65847672;NP
RP_120h;1;12.23785629;NP
RP_120h;2;16.25794967;NP
